issue_id,issue_key,sample_group,selection_trigger
1897277157,ethereum/pm#867,pattern_enriched,SELFDESTRUCT
934478623,solana-labs/solana-program-library#2003,pattern_enriched,oracle
384311716,web3swift-team/web3swift#103,pattern_enriched,ERC-20
395566283,crytic/slither#117,random_control,
1341587813,Uniswap/v3-sdk#141,pattern_enriched,CREATE2
366901871,ethereum/consensus-specs#44,random_control,
1861709068,ipfs/public-gateway-checker#452,random_control,
368998133,paritytech/substrate#900,random_control,
1118243747,trustwallet/assets#17741,pattern_enriched,ERC20
1388627487,OpenZeppelin/openzeppelin-contracts#3735,pattern_enriched,erc-721
2326199186,foundry-rs/foundry#8015,pattern_enriched,Proxy
1173822522,graphprotocol/graph-node#3373,pattern_enriched,ipfs
1234545677,solana-labs/solana-program-library#3165,pattern_enriched,Oracle
1902153967,AztecProtocol/aztec-packages#2388,random_control,
2173962019,AztecProtocol/aztec-packages#5038,random_control,
2235151788,AztecProtocol/aztec-packages#5651,random_control,
2802523511,AztecProtocol/aztec-packages#11391,pattern_enriched,Registry
1422569244,Consensys/gnark#388,random_control,append-only
2632590180,Consensys/gnark#1311,pattern_enriched,packing
212727207,Consensys/quorum#72,pattern_enriched,genesis
327392193,Consensys/quorum#387,pattern_enriched,genesis
1498862665,Consensys/quorum#1586,pattern_enriched,erc-20
2358494150,Consensys/teku#8385,random_control,
2569558060,FuelLabs/fuel-connectors#349,random_control,
2766162081,FuelLabs/fuel-core#2528,pattern_enriched,Mutex
1692255394,FuelLabs/sway#4516,random_control,
3140404804,FuelLabs/sway#7228,random_control,
299472160,INFURA/infura#81,pattern_enriched,IPFS
1480609315,MetaMask/contract-metadata#1125,pattern_enriched,ERC20
743174449,MetaMask/core#309,random_control,
1138750223,MetaMask/core#691,random_control,
1975245816,MetaMask/core#1981,pattern_enriched,migration
1105405523,MetaMask/eth-phishing-detect#6425,random_control,
1401621325,MetaMask/eth-phishing-detect#8759,random_control,
1888963922,MetaMask/eth-phishing-detect#13502,pattern_enriched,blocklist
3091870310,MetaMask/eth-phishing-detect#159849,pattern_enriched,Blocklist
3398743171,MetaMask/eth-phishing-detect#184576,pattern_enriched,Blocklist
205758323,MetaMask/metamask-extension#1091,random_control,
406128205,MetaMask/metamask-extension#6105,random_control,
1126315027,MetaMask/metamask-extension#13525,pattern_enriched,ERC721
1841144705,MetaMask/metamask-extension#20424,pattern_enriched,migration
2081851396,MetaMask/metamask-extension#22537,pattern_enriched,ERC20
2400675365,MetaMask/metamask-extension#25739,random_control,
2720665633,MetaMask/metamask-extension#28962,random_control,
2878834325,MetaMask/metamask-extension#30553,pattern_enriched,ERC 20
2955202721,MetaMask/metamask-extension#31382,random_control,
1260204633,MetaMask/metamask-mobile#4441,pattern_enriched,salt
2516547548,MetaMask/metamask-mobile#11138,random_control,permit
2550126084,MetaMask/metamask-mobile#11455,random_control,
2781444817,MetaMask/metamask-mobile#12951,random_control,
2875336710,MetaMask/metamask-mobile#13691,random_control,
2878326229,MetaMask/metamask-mobile#13713,random_control,
3155977989,MetaMask/metamask-mobile#16448,random_control,
3236786388,MetaMask/metamask-mobile#17295,pattern_enriched,migration
1236102548,MetaMask/snaps#459,pattern_enriched,factory
1094252124,MoralisWeb3/react-moralis#142,pattern_enriched,ipfs
2028760044,NomicFoundation/hardhat#4652,random_control,
1243094184,OpenZeppelin/cairo-contracts#328,pattern_enriched,migration
294276009,OpenZeppelin/openzeppelin-contracts#722,pattern_enriched,migration
1605867177,OpenZeppelin/openzeppelin-contracts#4084,pattern_enriched,ERC20
2325995499,OpenZeppelin/openzeppelin-contracts#5062,pattern_enriched,ERC721
450467569,OpenZeppelin/openzeppelin-sdk#917,random_control,
1049311174,ProjectOpenSea/opensea-js#236,pattern_enriched,proxy
1573702223,ProjectOpenSea/operator-filter-registry#93,pattern_enriched,Relay
2416782802,SyncraDAO/psp-tokenlist#44,random_control,
1171677302,TrueFiEng/Waffle#646,pattern_enriched,erc20
951186225,Uniswap/interface#2094,pattern_enriched,proxy
1804083180,Uniswap/v4-core#310,pattern_enriched,ERC20
2445266772,Uniswap/v4-core#815,random_control,
644391758,Uniswap/web3-react#104,random_control,
1067712298,algorand/go-algorand#3261,random_control,
3197112876,algorand/go-algorand#6374,random_control,
910344353,blockscout/blockscout#4222,pattern_enriched,ERC20
1338294962,blockscout/blockscout#5926,random_control,
1530867983,blockscout/blockscout#6711,random_control,
1240215424,coinbase/coinbase-wallet-sdk#526,random_control,
2642506618,coinbase/onchainkit#1602,random_control,
413895937,embarklabs/embark#1361,pattern_enriched,proxy
51882554,ethereum/aleth#603,random_control,
214224217,ethereum/aleth#3639,pattern_enriched,genesis
430896682,ethereum/aleth#5551,random_control,
2930168882,ethereum/consensus-specs#4177,random_control,
1372011255,ethereum/eth-tester#243,random_control,
1145226039,ethereum/ethereum-org-website#5465,random_control,
1279819060,ethereum/execution-apis#244,random_control,
36288865,ethereum/go-ethereum#85,pattern_enriched,genesis
135120284,ethereum/go-ethereum#2237,random_control,
1053510433,ethereum/go-ethereum#23913,random_control,
178322621,ethereum/mist#1179,random_control,
1386514604,ethereum/trin#451,random_control,
2430907526,ethereum/web3.py#3441,pattern_enriched,migration
664725310,ethers-io/ethers.js#970,random_control,
819211218,ethersphere/bee#1362,random_control,erc20
1242772133,ethersphere/bee#2972,pattern_enriched,proxy
3140557913,ethersphere/bee#5116,random_control,
2504958081,foundry-rs/foundry#8804,random_control,
3082908016,foundry-rs/foundry#10589,random_control,
3424840593,foundry-rs/foundry#11673,pattern_enriched,registry
1811590930,foundry-rs/starknet-foundry#231,random_control,
2838500520,foundry-rs/starknet-foundry#2924,random_control,
592482347,graphprotocol/graph-node#1577,random_control,
2096646375,graphprotocol/graph-node#5156,pattern_enriched,IPFS
595880502,hyperledger/besu#671,pattern_enriched,genesis
1245325598,hyperledger/besu#3888,pattern_enriched,genesis
1606126293,hyperledger/besu#5146,pattern_enriched,genesis
2064241887,hyperledger/besu#6344,pattern_enriched,genesis
553289281,hyperledger/fabric-sdk-node#94,random_control,
1909381542,ipfs/awesome-ipfs#485,pattern_enriched,ipfs
1952516498,ipfs/helia#287,pattern_enriched,ipfs
326883754,ipfs/ipfs-companion#485,pattern_enriched,ipfs
1225988417,ipfs/ipfs-desktop#2125,pattern_enriched,ipfs
2229872835,ipfs/ipfs-desktop#2788,pattern_enriched,IPFS
365986205,ipfs/ipfs-webui#845,pattern_enriched,ipfs
2043872763,ipfs/ipfs-webui#2190,pattern_enriched,ipfs
2923192538,ipfs/ipfs-webui#2348,pattern_enriched,IPFS
41866215,ipfs/js-ipfs#12,pattern_enriched,ipfs
478265553,ipfs/js-ipfs#2343,pattern_enriched,ipfs
562234685,ipfs/js-ipfs#2760,pattern_enriched,ipfs
792755197,ipfs/js-ipfs#3504,random_control,IPFS
1209151403,ipfs/js-ipfs#4085,pattern_enriched,ipfs
1357230301,ipfs/js-ipfs#4197,pattern_enriched,ipfs
52229781,ipfs/kubo#460,pattern_enriched,ipfs
88475866,ipfs/kubo#1376,pattern_enriched,ipfs
96375151,ipfs/kubo#1505,random_control,ipfs
191914340,ipfs/kubo#3430,pattern_enriched,ipfs
222456341,ipfs/kubo#3869,pattern_enriched,ipfs
284895298,ipfs/kubo#4527,pattern_enriched,IPFS
339452974,ipfs/kubo#5206,pattern_enriched,ipfs
378349936,ipfs/kubo#5749,random_control,ipfs
398027057,ipfs/kubo#5920,pattern_enriched,ipfs
458366265,ipfs/kubo#6458,pattern_enriched,ipfs
600550027,ipfs/kubo#7168,pattern_enriched,IPFS
952339298,ipfs/kubo#8303,pattern_enriched,ipfs
1045361505,ipfs/public-gateway-checker#177,pattern_enriched,ipfs
1194804869,ipfs/public-gateway-checker#215,pattern_enriched,IPFS
1617717286,ipfs/specs#383,pattern_enriched,IPFS
1682123144,ipfs/specs#406,pattern_enriched,ipfs
2215585194,junobuild/juno#481,pattern_enriched,migration
822540068,livepeer/go-livepeer#1786,random_control,
2629826778,livepeer/go-livepeer#3229,random_control,
2553001335,matter-labs/anvil-zksync#351,random_control,
2277479045,matter-labs/foundry-zksync#358,pattern_enriched,migration
1088387862,near/core-contracts#197,random_control,
393602005,near/nearcore#306,random_control,
600717585,near/nearcore#2483,random_control,
637926100,near/nearcore#2846,random_control,
1187147590,near/nearcore#6512,random_control,
2301029689,near/nearcore#11333,random_control,
233073333,openethereum/parity-ethereum#5747,random_control,
1718087827,paradigmxyz/reth#2760,random_control,
3065815086,paradigmxyz/reth#16266,random_control,
3223297756,paradigmxyz/reth#17374,random_control,
3085682695,paradigmxyz/solar#329,random_control,
978536526,paritytech/polkadot#3714,random_control,
1865184186,paritytech/polkadot-sdk#317,random_control,
1937704186,paritytech/polkadot-sdk#1851,random_control,
1985287281,paritytech/polkadot-sdk#2245,pattern_enriched,Proxy
2118144898,paritytech/polkadot-sdk#3203,pattern_enriched,relay
2343560450,paritytech/polkadot-sdk#4745,pattern_enriched,migration
3325379066,paritytech/polkadot-sdk#9497,pattern_enriched,Relay
592098843,paritytech/substrate#5493,random_control,
988353984,paritytech/substrate#9696,pattern_enriched,registry
992143417,paritytech/substrate#9738,random_control,
1845271095,paritytech/subxt#1117,pattern_enriched,registry
573052092,protofire/solhint#197,pattern_enriched,ERC20
1299319634,rainbow-me/rainbow#3675,random_control,
2300542697,scroll-tech/contribute-to-scroll#1966,pattern_enriched,immutable
580374010,sigp/lighthouse#911,random_control,
2022766104,sigp/lighthouse#4971,random_control,
600278800,smartcontractkit/chainlink#2681,pattern_enriched,Migration
2266845342,smartcontractkit/chainlink#13017,pattern_enriched,Migration
2273455201,smol-dot/smoldot#1806,pattern_enriched,Genesis
2658235304,snapshot-labs/sx-monorepo#981,random_control,
422990118,solana-labs/solana#3377,random_control,
485990008,solana-labs/solana#5681,pattern_enriched,genesis
1006213495,solana-labs/token-list#1165,random_control,
1122258373,solana-labs/token-list#16854,random_control,
615302454,trustwallet/assets#2057,random_control,
738580289,trustwallet/assets#4740,random_control,
798485598,trustwallet/assets#5452,random_control,
892006113,trustwallet/assets#7985,random_control,ERC20
981535520,trustwallet/assets#13141,pattern_enriched,ERC20
1021692426,trustwallet/assets#14229,random_control,
1059293277,trustwallet/assets#15915,pattern_enriched,ERC20
1063955735,trustwallet/assets#16096,random_control,
1641412022,trustwallet/assets#24480,pattern_enriched,Genesis
1929528506,trustwallet/assets#26515,random_control,
2740751214,trustwallet/assets#29848,pattern_enriched,ERC-20
2746283571,trustwallet/assets#29882,random_control,
2895973697,trustwallet/assets#30558,pattern_enriched,ERC-20
315460111,trustwallet/tokens#104,random_control,
1468927172,trustwallet/wallet-core#2768,pattern_enriched,registry
406075347,web3/web3.js#2299,random_control,
1707748080,web3/web3.js#6085,pattern_enriched,migration
1473397668,wevm/wagmi#1412,random_control,
2486579127,MetaMask/metamask-docs#1505,random_control,
3017894937,MetaMask/metamask-mobile#14857,random_control,
393387339,paritytech/substrate#1310,random_control,
1283742011,hyperledger/besu#4012,pattern_enriched,genesis
540206334,matter-labs/zksync#215,pattern_enriched,erc20
