level,name,parent,definition,source_section
category,On/off-chain interaction,,Design patterns whose components sit both off-chain and on-chain. They bridge off-chain systems with on-chain data or smart contracts. This category is central to dApp design because a blockchain cannot natively request external data.,"Six et al. 2022, §4.1 and §4.2.1"
category,On-chain - Domain-based,,"On-chain patterns that implement domain features (BPM, identity, big data, and features reusable across domains). The SLR treats this as an intermediate category under On-chain pattern, intended to grow as new domain-specific patterns appear.","Six et al. 2022, §4.1 and §4.2.2"
category,On-chain - Smart contract,,"Patterns about implementing and managing smart contracts: how contracts are organized together, secured, made cheaper to execute, and how function access is authorized.","Six et al. 2022, §4.1 and §4.2.3"
category,On-chain - Data management,,"Patterns for efficient management of data that already live on-chain, in smart contracts or transactions. Distinct from the On/off-chain 'Data management' subcategory, which keeps the payload off-chain and only uses the chain for integrity or trust.","Six et al. 2022, §4.1 and §4.2.4"
category,Architectural,,"Architectural patterns about who creates and signs blockchain transactions (user, browser wallet confirmation, or a delegated service). The SLR places them outside the design-pattern taxonomy proper because only three were found; this working catalog keeps them as a first-class category.","Six et al. 2022, §4.2.5"
category,Idiom,,"Solidity idioms that reduce execution fees by packing storage, choosing integer/mapping layouts, or freeing unused slots. The SLR found no dedicated idiom papers but classified 14 such items separately from design patterns; this catalog keeps them as a category.","Six et al. 2022, §3.4 and §4.2.5"
subcategory,Data exchange,On/off-chain interaction,"Patterns that enable communication between on-chain smart contracts and off-chain components. Blockchain cannot pull external data, so an external service (e.g. an Oracle) must push fresh data into contracts.","Six et al. 2022, §4.1"
subcategory,Data management,On/off-chain interaction,Patterns that keep data off-chain but use the blockchain to guarantee tamper-proofing or trustability (e.g. hashing a dataset and storing the hash on-chain). Not the same as on-chain Data management.,"Six et al. 2022, §4.1"
subcategory,Wallet and keys,On/off-chain interaction,Patterns for managing wallets and cryptographic keys in a decentralized application.,"Six et al. 2022, §4.1"
subcategory,Transactions,On/off-chain interaction,"Patterns about transaction aspects between off-chain components and the blockchain, such as confirmation or block inclusion.","Six et al. 2022, §4.1"
subcategory,BPM,On-chain - Domain-based,"On-chain business process management: encoding activities, engines, or choreography so collaborative processes run with blockchain as software connector.","Six et al. 2022, §4.1 and §4.2.2"
subcategory,Decentralized identity,On-chain - Domain-based,Patterns that use blockchain to create and manage decentralized identities.,"Six et al. 2022, §4.1"
subcategory,Big data,On-chain - Domain-based,"Applications of blockchain to big data, such as registering operations performed on a data store.","Six et al. 2022, §4.1 and §4.2.2"
subcategory,Multi-domain feature,On-chain - Domain-based,"On-chain features that do not belong to one particular domain but can be reused across domains (voting, randomness, access windows, reputation, state machines, etc.).","Six et al. 2022, §4.1"
subcategory,Contract management,On-chain - Smart contract,"Patterns for organizing smart contracts together, for example a proxy that relays calls to an implementation that can be replaced.","Six et al. 2022, §4.1"
subcategory,Contract security,On-chain - Smart contract,"Smart-contract security patterns addressing issues such as reentrancy, overflow, or flawed contract behavior.","Six et al. 2022, §4.1"
subcategory,Contract efficiency,On-chain - Smart contract,"Patterns that reduce the cost of using smart contracts, especially on public chains, including data-refresh problems because contracts cannot request other contracts by themselves.","Six et al. 2022, §4.1"
subcategory,Contract access control,On-chain - Smart contract,Patterns for permission and authorization over the execution of smart-contract functions.,"Six et al. 2022, §4.1"
subcategory,Storage,On-chain - Data management,"Patterns that deal with how data are stored on-chain (immutability, append-only logs, packing, separating data from logic).","Six et al. 2022, §4.1 and §4.2.4"
subcategory,Encryption,On-chain - Data management,"Patterns for on-chain data encryption or delayed disclosure, including commit-reveal and zero-knowledge verification.","Six et al. 2022, §4.1 and §4.2.4"
subcategory,Migration,On-chain - Data management,"Patterns that help migrate data, state, or contracts from one blockchain to another (snapshotting, genesis, translation).","Six et al. 2022, §4.1 and §4.2.4"
subcategory,Tokenization,On-chain - Data management,"Represent an asset as an on-chain token (fungible or NFT) so it can be issued, transferred, and tracked through standard interfaces.","Six et al. 2022, §4.3.3"
