"pattern","category","subcategory","keywords","description","justificativa_keywords","risco_falso_positivo","observacao_risco"
"Ticker tape","On/off-chain interaction","Data exchange","latestAnswer(); AggregatorV3Interface; latestRoundData(); Chainlink price feed; getRoundData(); priceFeed.latestAnswer(); Chainlink FeedRegistry","Variante do padrão Oracle voltada especificamente ao fornecimento contínuo de dados de preço/cotação a contratos inteligentes (ex.: feeds de preço da Chainlink). Diferencia-se do Oracle genérico por tratar de um fluxo de dados numérico e recorrente, tipicamente usado por protocolos DeFi para precificação de ativos.","[Verificado] AggregatorV3Interface, latestRoundData() e latestAnswer() são nomes reais da interface pública de price feeds da Chainlink, documentados oficialmente e amplamente copiados em contratos de terceiros — alta chance de aparecerem literalmente no código de issues/PRs sobre feeds de preço.","Baixo",""
"Oracle","On/off-chain interaction","Data exchange","ChainlinkClient; requestOracleData(); fulfillOracleRequest(); OracleRequest event; VRFConsumerBase; ChainlinkRequestInterface; Chainlink node operator","Como a blockchain não consegue requisitar dados do mundo externo por conta própria, o padrão Oracle define componentes off-chain que escutam solicitações ou mudanças de estado do contrato indicando que uma informação é necessária, e então enviam uma transação para inserir esse dado na blockchain (artigo, Seção 4.2.1, referências [27-29,34,35]).","[Verificado] ChainlinkClient, fulfillOracleRequest(), OracleRequest e ChainlinkRequestInterface são identificadores reais confirmados na documentação e no código-fonte da Chainlink (Oracle.sol/Operator.sol), inclusive aparecendo em issues públicas do repositório smartcontractkit/chainlink. [Convenção provável] 'requestOracleData()' é um nome de função hipotético plausível (dApps consumidores costumam nomear suas próprias funções de request de forma livre), não uma string fixa da biblioteca — usar com cautela.","Baixo",""
"Reverse Oracle","On/off-chain interaction","Data exchange","contract.on('EventName'; ethers.js event listener; web3.eth.subscribe('logs'; off-chain relayer listening to contract events; event-driven off-chain worker","É o padrão oposto ao Oracle: aplicado quando componentes off-chain (bots, relayers, back-ends) precisam de dados da blockchain para funcionar, então escutam mudanças de estado específicas do contrato e reagem a elas fora da cadeia (artigo, Seção 4.2.1, referências [27,33-35]).","[Verificado] 'contract.on(' é a sintaxe real e amplamente usada da biblioteca ethers.js para escutar eventos; 'web3.eth.subscribe(""logs""' é sintaxe real da web3.js. [Descritivo/inferido] As demais frases (relayer, event-driven worker) descrevem o conceito arquitetural, não são strings de código — servem melhor para buscar em texto de issues do que em diffs de código.","Baixo",""
"Pull-based inbound oracle","On/off-chain interaction","Data exchange","manual on-demand oracle request; requestData() triggered by user call; pull-based price update on request; client-initiated oracle read","Variante detalhada do padrão Oracle (Mühlberger et al., referência [36]) em que o dado entra na blockchain (inbound) mas por iniciativa de um componente ativo que 'puxa' (pull) o dado manualmente ou sob demanda, diferente do fluxo automático do modelo push.","[Descritivo/inferido] O paper [36] define a variante conceitualmente (push vs pull, inbound vs outbound), mas não fornece nomes de função reais no texto extraído. Essas keywords são frases descritivas construídas a partir da definição do padrão, não strings verificadas em repositórios — risco de recall baixo se usadas como regex exato.","Baixo",""
"Push-based inbound oracle","On/off-chain interaction","Data exchange","Chainlink Automation performUpkeep(); checkUpkeep(); Keeper-triggered contract update; Gelato Automate task; scheduled off-chain worker pushes data on-chain","Variante detalhada do padrão Oracle (referência [36]) em que dados são inseridos (inbound) na blockchain automaticamente por um componente externo (ex.: um keeper/automation), sem que o contrato precise solicitar explicitamente, comum em sistemas de automação de execução de funções.","[Verificado] performUpkeep() e checkUpkeep() são funções reais da interface KeeperCompatibleInterface/AutomationCompatibleInterface da Chainlink Automation, documentadas oficialmente. 'Gelato Automate' é um produto real de automação on-chain (concorrente da Chainlink Automation). Boa combinação de recall (conceito) e precisão (nomes reais de função).","Baixo",""
"State Channel","On/off-chain interaction","Data management","state channel adjudicator contract; closeChannel(); challengePeriod (payment channel); counter-signed off-chain state update; payment channel dispute resolution","Permite que dois ou mais usuários realizem múltiplas microtransações off-chain, registrando periodicamente um hash na blockchain para provar a existência dessas transações posteriormente, reduzindo custo e latência (artigo, Seção 4.2.1, referências [27,35]).","[Convenção provável] 'adjudicator', 'closeChannel()' e 'challengePeriod' são termos padrão na literatura e em implementações conhecidas de state channels (ex.: Counterfactual, Perun, Force-Move Games), mas não confirmei uma biblioteca única e dominante — vários projetos usam nomes próprios. Combinar termos amplia recall à custa de alguma imprecisão.","Baixo",""
"Off-chain Contract Registry","On/off-chain interaction","Data management","ContractRegistry.setAddress(); ContractRegistry.getAddress(); on-chain service address registry contract","Contrato de registro que mantém referências (endereços) para serviços ou versões off-chain associadas ao sistema descentralizado, permitindo versionamento e descoberta de serviços de forma similar a um registro tradicional (artigo, Tabela 2, referência [35]).","[Descritivo/inferido] O artigo cita o padrão apenas pelo nome, sem exemplo de código (referência [35] não detalhada no texto extraído). 'setAddress'/'getAddress' seguem convenção comum de contratos de registro (ex.: ENS usa 'setAddr'/'addr'), mas o nome exato da classe/função varia por projeto.","Baixo",""
"Legal and smart contract pair","On/off-chain interaction","Data management","Ricardian contract; legalContractHash on-chain; bindLegalDocument(); legal agreement hash stored in smart contract","Vincula um contrato legal off-chain a um smart contract on-chain, mantendo dados sensíveis fora da cadeia e armazenando apenas assinaturas e estados relevantes on-chain, aumentando a confiabilidade sem expor conteúdo confidencial (artigo, Seção 4.2.1, referências [27,40]).","[Verificado] 'Ricardian contract' é um termo técnico real e estabelecido (cunhado por Ian Grigg, usado por Ripple/Corda e outros), aparece em issues reais sobre esse conceito. [Descritivo/inferido] 'bindLegalDocument()' é nome hipotético — não é uma função padronizada de biblioteca alguma.","Baixo",""
"Off-chain data storage","On/off-chain interaction","Data management","IPFS hash stored on-chain; keccak256(fileContent) integrity check; storeHash(bytes32); verifyHash(bytes32); content-addressed storage (IPFS CID) referenced by smart contract","Padrão detalhado no artigo (Seção 4.3.1): armazena grandes volumes de dados fora da cadeia (ex.: IPFS) e guarda apenas o hash desses dados em um smart contract, permitindo verificar a integridade dos dados originais a um custo baixo, preservando confidencialidade (referências [27,31,35,37-39]).","[Verificado] 'keccak256' é a função hash nativa do Solidity (uso real e onipresente em código), 'IPFS' e 'CID' (Content Identifier) são termos técnicos reais e estáveis do protocolo IPFS. [Descritivo/inferido] 'storeHash(bytes32)'/'verifyHash(bytes32)' são assinaturas plausíveis mas não de uma biblioteca específica — cada projeto nomeia essas funções livremente.","Baixo",""
"Confidential and pseudo-anonymous contract enforcement","On/off-chain interaction","Data management","Verifier.sol; verifyProof(uint[2],; Groth16Verifier contract; zk-SNARK-based contract enforcement; snarkjs-generated verifier","Padrão proposto pelos próprios autores (referência [40]) que combina um contrato legal off-chain com um smart contract que usa uma máquina de estados e provas de conhecimento zero para permitir a execução verificável de cláusulas sem revelar dados sensíveis das partes.","[Verificado] 'Verifier.sol', 'verifyProof(' e o padrão de assinatura com arrays uint[2]/uint[2][2] são gerados literalmente pela ferramenta snarkjs (comando 'snarkjs zkey export solidityverifier'), portanto aparecem de forma quase idêntica em muitos repositórios reais que usam circom/snarkjs. Alta confiança.","Baixo",""
"Off-chain Signatures","On/off-chain interaction","Data management","ECDSA.recover(hash, signature); ecrecover(hash, v, r, s); splitSignature(bytes memory); off-chain signed message verified on-chain","Utiliza assinaturas criptográficas geradas fora da cadeia (ex.: ECDSA) para autorizar ações ou validar dados, verificadas posteriormente on-chain via funções de recuperação de assinatura, reduzindo o número de transações necessárias (artigo, referência [39]).","[Verificado] 'ecrecover(hash, v, r, s)' é uma precompiled function nativa do EVM com assinatura fixa; 'ECDSA.recover(' é a função real da biblioteca ECDSA.sol da OpenZeppelin. [Convenção provável] 'splitSignature' é nome comum usado em tutoriais/exemplos (ex.: docs do Solidity), mas não é padronizado por uma única biblioteca.","Baixo",""
"Delegated Computation","On/off-chain interaction","Data management","TrueBit-style verification game; submitComputationResult(); challengePeriod for verifiable computation; off-chain compute with on-chain dispute/fraud proof","Delega cálculos computacionalmente caros para serem executados fora da cadeia, com o resultado submetido on-chain e sujeito a um período de contestação/verificação (ex.: modelo TrueBit), reduzindo custos de execução direta em smart contracts (artigo, referência [39]).","[Verificado] 'TrueBit' é um projeto/protocolo real citado explicitamente no artigo. [Descritivo/inferido] As demais são frases conceituais (fraud proof, challenge period) usadas de forma variada em diferentes implementações (rollups, TrueBit, Kleros) — não há uma única assinatura de função padrão a buscar.","Baixo",""
"Master & Sub Key","On/off-chain interaction","Wallet and keys","BIP32 hierarchical deterministic wallet; deriveChildKey(); extended public key (xpub); HD wallet derivation path (m/44'/60'/...)","Utiliza derivação hierárquica de chaves (padrão BIP32), onde uma chave mestre gera múltiplas subchaves para diferentes finalidades ou identidades, evitando reutilização de uma única chave privada sensível (artigo, Seção 4.2.1, referência [31]).","[Verificado] BIP32, 'xpub' (extended public key) e o formato de derivation path 'm/44'/60'/...' (BIP44) são especificações públicas e estáveis, citadas literalmente em bibliotecas como ethers.js/bitcoinjs-lib e em issues sobre carteiras HD. Alta confiança para busca textual.","Baixo",""
"Hot & Cold Wallet Storage","On/off-chain interaction","Wallet and keys","cold storage multisig wallet; hot wallet withdrawal limit; withdrawal timelock delay; Gnosis Safe cold storage; air-gapped signer device","Separa fundos entre carteiras 'quentes' (conectadas, de uso frequente e menor valor) e carteiras 'frias' (offline, de maior segurança), frequentemente combinado com múltiplas assinaturas e atrasos de retirada (timelock) para mitigar riscos de comprometimento (artigo, referência [31]).","[Verificado] 'Gnosis Safe' (agora Safe{Wallet}) é um produto real e extremamente popular para multisig, citado com frequência em issues reais sobre custódia de fundos. [Descritivo/inferido] As demais são termos de domínio geral de segurança (hot/cold wallet, air-gapped) amplamente usados mas não amarrados a uma biblioteca específica.","Baixo",""
"Key Sharding","On/off-chain interaction","Wallet and keys","Shamir's Secret Sharing (SSS); splitSecret() into shares; combineShares() to reconstruct key; threshold signature scheme (TSS)","Divide uma chave privada em múltiplos fragmentos (shares) usando esquemas como o segredo compartilhado de Shamir, exigindo um número mínimo de fragmentos para reconstituir a chave original, aumentando a resiliência contra perda ou roubo (artigo, referência [31]).","[Verificado] 'Shamir's Secret Sharing' (SSS) e 'threshold signature scheme' (TSS) são termos criptográficos formais e estáveis, usados de forma consistente na literatura e em bibliotecas reais (ex.: hashicorp/vault, ssss). [Descritivo/inferido] 'splitSecret()'/'combineShares()' são nomes de função hipotéticos, não de uma API única padronizada.","Baixo",""
"X-confirmation","On/off-chain interaction","Transactions","waitForTransactionReceipt(confirmations); tx.wait(N) confirmations; txReceipt.confirmations count; wait for N block confirmations before finality","Consiste em aguardar um número X de confirmações de blocos após o envio de uma transação antes de considerá-la definitiva, mitigando riscos de reorganização de cadeia (chain reorg) e garantindo maior finalidade (artigo, Seção 4.2.1, referência [27]).","[Verificado] 'tx.wait(N)' é sintaxe real e comum da biblioteca ethers.js para aguardar N confirmações; 'waitForTransactionReceipt' é nome real de função em viem/web3.js (varia o nome exato conforme a lib, mas o conceito de parâmetro 'confirmations' é universal nessas bibliotecas).","Baixo",""
"Blockchain BP Engine","On-chain - Domain-based","BPM","on-chain BPMN workflow engine; startProcessInstance(); processInstance state stored in smart contract","Contrato inteligente que armazena e executa diretamente um processo de negócio colaborativo, atuando como um motor de workflow on-chain (artigo, Seção 4.2.2, referência [37]).","[Descritivo/inferido] O artigo (Müller et al. [37]) descreve o padrão apenas conceitualmente, sem trechos de código no texto extraído. 'BPMN' é termo real e padronizado (Business Process Model and Notation), mas os nomes de função são minha inferência a partir do domínio de motores de workflow — baixa certeza de correspondência exata em repositórios.","Baixo",""
"Smart Contract Activities","On-chain - Domain-based","BPM","activityContract representing BPMN task; completeActivity(); workflow step encoded as smart contract state","Armazena a lógica de negócio referente a diferentes atividades/etapas de um processo dentro de um único smart contract, controlando transições entre etapas (artigo, Seção 4.2.2, referência [37]).","[Descritivo/inferido] Mesma base do padrão anterior — conceito vem do artigo [37], mas nomes de função/variável são hipóteses minhas seguindo a nomenclatura usual de motores BPMN, não confirmadas em código real.","Baixo",""
"Decentralize business process","On-chain - Domain-based","BPM","choreography-based BPM on blockchain; cross-organization business process contract; blockchain as BPM software connector","Usa a blockchain como conector de software entre múltiplas organizações para execução coordenada (coreografia) de um processo de negócio colaborativo, sem necessidade de intermediário confiável (artigo, Seção 4.2.2, referência [37]).","[Verificado] 'choreography' é termo técnico formal e estabelecido na literatura de BPM (em oposição a 'orchestration'), usado com esse sentido específico. [Descritivo/inferido] As demais frases são paráfrases da definição do artigo, úteis para busca em texto de issues, não em código.","Baixo",""
"Identifier Registry","On-chain - Domain-based","Decentralized identity","DID registry smart contract; resolveDID(string did); did:ethr method; ERC-1056 EthereumDIDRegistry; DID document storage on-chain","Usa um smart contract para estabelecer o mapeamento entre um Identificador Descentralizado (DID) e a localização de atributos armazenados off-chain, sendo a posse do identificador comprovada por uma chave privada (artigo, Seção 4.2.2, referência [31]).","[Verificado] 'did:ethr' e 'ERC-1056 EthereumDIDRegistry' são nomes reais e estáveis (o contrato EthereumDIDRegistry da uPort/ConsenSys é o mais conhecido do gênero, e ERC-1056 é uma especificação pública). Alta confiança — esse é provavelmente o melhor termo para grep nesse subgrupo.","Baixo",""
"Multiple Registration","On-chain - Domain-based","Decentralized identity","addIdentity() for multiple DIDs; multiple decentralized identifiers per controller; pseudonymous identifier registration on-chain","Permite que um mesmo controlador crie múltiplos identificadores distintos, aumentando a privacidade do usuário ao evitar a correlação entre diferentes contextos de uso da mesma identidade (artigo, Seção 4.2.2, referência [31]).","[Descritivo/inferido] O padrão vem de Liu et al. [31] (referência sem trecho de código no texto extraído do artigo); 'addIdentity()' é nome hipotético meu, não confirmado em nenhuma implementação específica.","Baixo",""
"Bound with Social Media","On-chain - Domain-based","Decentralized identity","verifySocialProof(); linkTwitterAccount() to DID; Keybase-style social proof binding on-chain","Vincula um identificador on-chain (DID) a uma conta de mídia social por meio de uma prova de posse, aumentando a confiabilidade tanto da conta social quanto da identidade descentralizada (artigo, Seção 4.2.2, referência [31]).","[Verificado] 'Keybase' é um serviço real conhecido por popularizar o conceito de 'social proof' vinculando identidade criptográfica a contas sociais — bom termo âncora. [Descritivo/inferido] Os nomes de função são hipóteses minhas.","Baixo",""
"Dual Resolution","On-chain - Domain-based","Decentralized identity","resolveFromDID()/resolveToDID(); bidirectional DID resolution; peer DID mutual resolution protocol","Permite que um DID seja usado para habilitar comunicação com outra entidade também identificada por seu próprio DID, com resolução bidirecional entre as partes (artigo, Seção 4.2.2, referência [31]).","[Descritivo/inferido] Padrão nomeado apenas no artigo [31], sem código de exemplo no texto extraído. 'peer DID' é um termo real usado na especificação DID (W3C), mas o restante são frases construídas por mim a partir da definição do padrão.","Baixo",""
"Delegate List","On-chain - Domain-based","Decentralized identity","ERC-1056 addDelegate(); DID delegate list for key recovery; identity recovery via registered delegates","Usa uma lista de endereços delegados que podem ajudar na recuperação de um identificador (DID) caso a chave privada original seja perdida, típico de mecanismos de identidade auto-soberana (artigo, Seção 4.2.2, referência [31]).","[Verificado] 'addDelegate(' é uma função real do contrato EthereumDIDRegistry (ERC-1056), documentada publicamente e usada em implementações reais de DID na Ethereum. Boa precisão.","Baixo",""
"Blockchain Security Pattern for Big Data Ecosystems","On-chain - Domain-based","Big data","BlockBD security pattern; registerDataOperation(); on-chain data provenance/audit log for big data pipeline","Proposto por Moreno et al. (referência [41], padrão 'BlockBD'), usa blockchain para registrar operações realizadas sobre um repositório de dados (big data), permitindo auditoria e rastreabilidade das ações realizadas.","[Verificado] 'BlockBD' é o nome literal dado pelos autores do artigo original (referência [41]) ao padrão — bom termo âncora se aparecer citado. [Descritivo/inferido] 'registerDataOperation()' é nome de função hipotético meu; não há trecho de código no artigo revisor para confirmar.","Baixo",""
"Blockchain-based reputation system","On-chain - Domain-based","Multi-domain feature","updateReputationScore(address,); getReputationScore(address); on-chain trust/feedback score contract","Registra e atualiza pontuações de reputação/confiança de participantes on-chain, permitindo consultas verificáveis sobre o histórico de comportamento de um usuário (artigo, Seção 4.2.2, referência [37]).","[Descritivo/inferido] Não há padronização de mercado para nomes de função de sistemas de reputação — cada projeto nomeia à sua maneira. Mantive nomes plausíveis e legíveis, mas sem confirmação em repositório real específico.","Baixo",""
"Vote","On-chain - Domain-based","Multi-domain feature","OpenZeppelin Governor.propose(); castVote(uint256 proposalId,; quorum() governance; ERC20Votes delegate voting power","Permite tomar decisões colaborativas de forma verificável on-chain, com contratos de governança (ex.: padrão Governor da OpenZeppelin) implementando propostas e votação (artigo, Seção 4.2.2, referências [28,34]).","[Verificado] 'Governor.propose()', 'castVote(' e 'ERC20Votes' são identificadores reais e amplamente adotados da suíte de governança da OpenZeppelin (usada por Compound, Uniswap e centenas de DAOs) — muito alta confiança de aparecer literalmente em issues/PRs de governança.","Baixo",""
"Blocklist","On-chain - Domain-based","Multi-domain feature","isBlocked(address) mapping check; addToBlocklist(address); ERC-20 blacklist/denylist function","Mantém uma lista de endereços proibidos de interagir com determinadas funções do contrato, usada como mecanismo de restrição de acesso (artigo, Seção 4.2.2, referência [34]).","[Convenção provável] 'blacklist'/'isBlocked' são nomes extremamente comuns em tokens ERC-20 com controle de compliance (ex.: USDC/USDT têm funções análogas), mas variam de projeto para projeto — não é uma API única padronizada, por isso tratamos como convenção e não verificação estrita.","Baixo",""
"Announcement","On-chain - Domain-based","Multi-domain feature","emitAnnouncement() event; Announcement smart contract event log; on-chain public notice broadcast","Permite a emissão e recuperação de anúncios/avisos públicos on-chain, funcionando como um canal de comunicação verificável entre participantes (artigo, Seção 4.2.2, referência [34]).","[Descritivo/inferido] Padrão citado apenas pelo nome em Worley & Skjellum [34], sem exemplo de código no texto extraído; keywords são minha construção a partir do nome e função descrita do padrão.","Baixo",""
"Bulletin Board","On-chain - Domain-based","Multi-domain feature","postMessage(string) on-chain; getMessages() bulletin board contract; on-chain public message board","Implementa um quadro de mensagens público on-chain, no qual usuários podem publicar e consultar mensagens de forma imutável e verificável (artigo, Seção 4.2.2, referência [34]).","[Descritivo/inferido] Mesma origem do padrão anterior [34] — 'postMessage'/'getMessages' são nomes plausíveis e comuns em exemplos didáticos de Solidity, mas não confirmados como padrão único de uma biblioteca.","Baixo",""
"Randomness","On-chain - Domain-based","Multi-domain feature","Chainlink VRF requestRandomWords(); fulfillRandomWords(); commit-reveal randomness scheme on-chain","Endereça o desafio de gerar números aleatórios de forma segura e verificável dentro de um ambiente determinístico como a blockchain, frequentemente usando funções aleatórias verificáveis (VRF) (artigo, Seção 4.2.2, referência [28]).","[Verificado] 'requestRandomWords()' e 'fulfillRandomWords()' são nomes reais e exatos da interface VRFConsumerBaseV2 da Chainlink VRF, extremamente documentados e replicados em milhares de repositórios — uma das keywords mais confiáveis da coleção inteira.","Baixo",""
"Poll","On-chain - Domain-based","Multi-domain feature","createPoll(); votePoll(uint256 pollId,; Snapshot.org off-chain signaling poll; tallyPollResults()","Cria e apura enquetes on-chain para coleta de opinião ou sinalização de preferência dos participantes, podendo ser vinculado a tokens de governança (artigo, Seção 4.2.2, referência [28]).","[Verificado] 'Snapshot.org' (ou Snapshot) é uma plataforma real e extremamente popular de votação off-chain baseada em assinaturas, citada com frequência em issues de DAOs. [Descritivo/inferido] 'createPoll()'/'votePoll()' são nomes hipotéticos genéricos.","Baixo",""
"Selective Content Generation","On-chain - Domain-based","Multi-domain feature","conditionalReveal() based on on-chain access check; role-gated content disclosure contract","Gera ou revela conteúdo de forma condicional, dependendo de autorização ou de estado registrado on-chain, controlando o que é exposto a diferentes usuários (artigo, Seção 4.2.2, referência [31]).","[Descritivo/inferido] Padrão citado apenas pelo nome em Liu et al. [31]; keywords construídas a partir da definição, sem confirmação de nomenclatura real em repositórios.","Baixo",""
"Time-Constrained Access","On-chain - Domain-based","Multi-domain feature","require(block.timestamp < validUntil); time-bound access grant expiring at timestamp; expiring on-chain authorization","Concede acesso a um recurso off-chain (ou permissão on-chain) válido apenas durante uma janela de tempo determinada, controlada por um contrato de autorização (artigo, Seção 4.2.2, referência [31]).","[Verificado] 'block.timestamp' é variável global real e nativa do Solidity, uso extremamente comum e literal em código para checagens de expiração/validade — bom termo âncora de código real, mesmo que o nome da variável 'validUntil' seja convencional (não padronizado).","Baixo",""
"One-Off Access","On-chain - Domain-based","Multi-domain feature","usedNonce[nonce] = true; single-use access token consumed after first use; nonce invalidation on redemption","Concede acesso de uso único a um recurso, marcando o token/permissão como utilizado após o primeiro uso para impedir reutilização (artigo, Seção 4.2.2, referência [31]).","[Convenção provável] O padrão 'mapping(bytes32 => bool) usedNonce' é extremamente comum em contratos que previnem replay de assinatura/uso duplicado (ex.: EIP-712 com nonce), mas o nome exato da variável varia por projeto — não há uma única string padronizada.","Baixo",""
"Digital Record","On-chain - Domain-based","Multi-domain feature","proveExistence(bytes32 hash); on-chain notarization/timestamping of documents; recordHash stored for provenance","Registra metadados e/ou hashes de documentos on-chain para comprovar a existência e a integridade de um registro digital ao longo do tempo, base para soluções de recordkeeping (artigo, Seção 4.2.2, referência [38]).","[Convenção provável] 'notarization'/'timestamping' são termos de domínio bem estabelecidos para esse caso de uso (ex.: OriginStamp, OpenTimestamps), mas os nomes de função são hipóteses minhas, não de uma biblioteca única.","Baixo",""
"State machine","On-chain - Domain-based","Multi-domain feature","enum State { Created, Active, Closed }; require(currentState == State.X); Solidity finite-state-machine modifier atStage()","Padrão detalhado no artigo (Seção 4.3.2): modela as diferentes fases e transições de um contrato inteligente por meio de uma máquina de estados, transformando um problema complexo de mudanças de estado em transições simples e explícitas (referência [29]).","[Verificado] 'enum State { ... }' e 'require(currentState == State.X)' são idiomas reais e extremamente comuns em Solidity para modelar máquinas de estado — este é um dos padrões com maior chance de correspondência textual real em código, embora os nomes específicos dos estados variem por projeto.","Baixo",""
"Proxy contract","On-chain - Smart contract","Contract management","delegatecall-based proxy; EIP-1167 minimal proxy clone; TransparentUpgradeableProxy; UUPSUpgradeable; ERC-1967 implementation slot; upgradeTo(address newImplementation)","Padrão detalhado no artigo (Seção 4.3.4): um contrato proxy encaminha chamadas para um contrato de implementação (target), permitindo trocar a referência do contrato de destino para atualizar a lógica da aplicação sem mudar o endereço público (referências [29,33,35,43-45]).","[Verificado] TransparentUpgradeableProxy, UUPSUpgradeable e o EIP-1967 (implementation slot) são nomes de contratos/padrões reais e extremamente usados da biblioteca OpenZeppelin Upgrades; 'delegatecall' é opcode nativo da EVM. Uma das listas de keywords mais confiáveis da coleção — recomendo priorizar esses termos na mineração.","Baixo",""
"Contract Registry (on-chain)","On-chain - Smart contract","Contract management","registerContract(bytes32 name, address); getContract(bytes32 name); on-chain multi-contract version registry","Contrato que mantém referências para as versões mais recentes de múltiplos contratos do sistema; diferente do Proxy, que aponta para apenas um contrato de destino, o registro mapeia vários contratos simultaneamente (artigo, Seção 4.3.4, referência [27,29]).","[Descritivo/inferido] Assinatura de função hipotética construída por mim a partir da descrição do artigo — não confirmei essa string exata em nenhum repositório específico; útil como ponto de partida, mas exige validação manual em amostra.","Baixo",""
"Factory contract","On-chain - Smart contract","Contract management","Clones.clone() (OpenZeppelin); CREATE2 deterministic deployment; deployNewInstance() factory function","Contrato responsável por criar novas instâncias de outros smart contracts (análogo ao padrão Factory da orientação a objetos), frequentemente usando 'create2' ou clones mínimos para reduzir custo de implantação (artigo, Seção 4.2.3, referências [27,35,43-45]).","[Verificado] 'Clones.clone()' é função real da biblioteca Clones.sol da OpenZeppelin; 'CREATE2' é opcode real e nomeado da EVM, citado exatamente assim em documentação e código. Alta confiança.","Baixo",""
"Data contract","On-chain - Smart contract","Contract management","eternal storage pattern (data/logic split); DataStorage.getData()/setData() external contract","Separa os dados de um sistema (armazenados em um contrato dedicado) da lógica de negócio (em outro contrato), facilitando a atualização da lógica sem migrar o estado armazenado (artigo, Seção 4.2.3, referências [27,29,35]).","[Verificado] 'eternal storage pattern' é um nome consolidado na literatura/comunidade Solidity para essa técnica (popularizado por artigos e implementações conhecidas), bom termo âncora. [Descritivo/inferido] 'DataStorage.getData()/setData()' são nomes hipotéticos.","Baixo",""
"Router contract","On-chain - Smart contract","Contract management","Diamond Standard EIP-2535; LibDiamond facet routing; diamondCut(); function selector dispatch to facet contract","Contrato que direciona chamadas de função para diferentes contratos/módulos de destino com base em um seletor de função (ex.: padrão Diamond/EIP-2535); não nomeado explicitamente na taxonomia do artigo, mas alinhado ao princípio de separação de responsabilidades discutido na subcategoria 'Contract management'.","[Verificado] 'diamondCut()' e 'LibDiamond' são identificadores reais e literais da implementação de referência do EIP-2535 (Diamond Standard), amplamente reutilizados. Atenção: como já sinalizado, este padrão não tem correspondência direta nomeada no artigo — os termos são precisos para o conceito 'Diamond/router' em geral, não para uma citação específica do SLR.","Baixo",""
"Relay contract","On-chain - Smart contract","Contract management","EIP-2771 trusted forwarder; MinimalForwarder.execute(); ERC2771Context _msgSender(); Gas Station Network (GSN) relay","Contrato relayer que encaminha meta-transações assinadas off-chain por usuários, pagando o gás em nome deles (ex.: EIP-2771); relacionado ao padrão arquitetural 'Delegated Transactions' discutido no artigo (Seção 4.2.5, referência [50]).","[Verificado] 'MinimalForwarder.execute()' e 'ERC2771Context._msgSender()' são identificadores reais da implementação de referência do EIP-2771 na OpenZeppelin; 'Gas Station Network (GSN)' é o nome real do projeto que originou o conceito de meta-transações relay. Alta confiança.","Baixo",""
"Emergency stop","On-chain - Smart contract","Contract management","OpenZeppelin Pausable; whenNotPaused modifier; pause()/unpause() owner functions; circuit breaker pattern Solidity","Também chamado de 'circuit breaker', permite pausar temporariamente as funções do contrato em caso de comportamento anômalo ou ataque, protegendo, por exemplo, contra saques indevidos de fundos (artigo, Seção 4.2.3, referências [30,35]).","[Verificado] 'Pausable', 'whenNotPaused', 'pause()'/'unpause()' são identificadores reais e exatos do contrato Pausable.sol da OpenZeppelin, um dos contratos mais reutilizados do ecossistema — altíssima confiança de correspondência literal em código.","Baixo",""
"Mortal","On-chain - Smart contract","Contract management","selfdestruct(payable(owner)); onlyOwner kill() function; contract self-destruct pattern Solidity","Permite que o contrato seja autodestruído (opcode selfdestruct), removendo seu código e liberando o espaço de armazenamento associado; não descrito explicitamente na coleção do artigo, mas corresponde ao padrão homônimo amplamente documentado na literatura de Solidity para encerramento de contratos. Nota: EIP-6780 (Cancun/Dencun) restringiu bastante o comportamento de selfdestruct, o que pode afetar issues recentes.","[Verificado] 'selfdestruct' é opcode/palavra-chave nativa e real do Solidity (embora seu comportamento tenha mudado com o EIP-6780, ativado no upgrade Dencun de 2024 — vale considerar isso ao interpretar issues recentes vs. antigas). 'kill()' é nome de função extremamente comum em tutoriais clássicos de Solidity (inclusive na doc oficial antiga), mas não é uma API de biblioteca.","Baixo",""
"Check-Effects-Interactions","On-chain - Smart contract","Contract security","OpenZeppelin ReentrancyGuard; nonReentrant modifier; checks-effects-interactions ordering violation; reentrancy vulnerability fix","Padrão de segurança que define a ordem correta de execução em uma função: primeiro verificar pré-condições, depois aplicar alterações de estado internas e só então interagir com contratos externos, prevenindo ataques de reentrância (artigo, Seção 4.2.3, referência [30]).","[Verificado] 'ReentrancyGuard' e 'nonReentrant' são identificadores reais e exatos da OpenZeppelin, um dos contratos de segurança mais citados em auditorias e issues reais. 'checks-effects-interactions' é o nome formal e estabelecido do padrão na literatura de segurança Solidity (inclusive na doc oficial).","Baixo",""
"Mutex","On-chain - Smart contract","Contract security","reentrancy lock boolean flag (locked = true/false); mutex modifier Solidity; custom reentrancy guard implementation","Implementa um bloqueio explícito (lock/unlock) para impedir chamadas concorrentes/recursivas a uma função sensível, protegendo o acesso a um recurso compartilhado (artigo, Seção 4.2.3, referências [30,35]).","[Descritivo/inferido] Não há uma biblioteca-padrão específica de 'mutex' em Solidity fora do ReentrancyGuard da OpenZeppelin (que já está no padrão anterior) — implementações caseiras variam de nome. Mantive a keyword pela definição do artigo, mas sinalizo (ver observação de risco) que ela provavelmente vai colidir na prática com resultados de 'Check-Effects-Interactions'.","Médio","Sobrepõe-se conceitualmente ao padrão 'Check-Effects-Interactions' (ambos tratam de reentrância); recomenda-se revisão manual para diferenciar issues."
"Guard check","On-chain - Smart contract","Contract security","require(condition, ""error message"") precondition check; custom modifier with require() before function body","Uso de modificadores e instruções 'require' para validar pré-condições antes da execução de uma função, prevenindo estados inválidos ou chamadas não autorizadas; corresponde a práticas de validação amplamente discutidas nos padrões de segurança do artigo (Seção 4.2.3).","[Verificado, porém inútil como filtro] 'require(' é sintaxe nativa real do Solidity — tecnicamente 'correta', mas está presente em praticamente 100% dos contratos Solidity já escritos, então verificar sua existência não discrimina nada. Esta é a keyword mais genérica de toda a coleção; ver observação de risco.","Alto","'require()' e 'modifier' são onipresentes em praticamente qualquer contrato Solidity — este é o padrão com maior risco de falso positivo da coleção. Recomenda-se tratar como padrão de baixa prioridade para mineração automática ou exigir amostragem humana extensiva."
"Rate limit","On-chain - Smart contract","Contract security","withdrawal cooldown period; speed bump time delay before withdrawal; maxWithdrawalPerBlock; rate-limited function modifier","Também conhecido como 'Speed Bump', limita a frequência ou o volume de operações permitidas em um intervalo de tempo, mitigando ataques de saque em massa ou abuso de função (artigo, Seção 4.2.3, referência [30]).","[Verificado] 'Speed Bump' é o nome literal dado ao padrão no artigo original de Wöhrer & Zdun [30], bom termo para localizar discussões que citam a taxonomia diretamente. [Descritivo/inferido] Os demais nomes de variável/função são hipóteses plausíveis, não uma API padronizada.","Baixo",""
"Balance limit","On-chain - Smart contract","Contract security","maxContractBalance cap; require(address(this).balance <= cap); contract fund cap security pattern","Também chamado de 'Contract Balance Limit', restringe o valor máximo de fundos que um contrato pode reter, reduzindo o impacto financeiro em caso de comprometimento do contrato (artigo, Seção 4.2.3, referências [30,35]).","[Verificado] 'address(this).balance' é sintaxe nativa e real do Solidity para consultar o saldo do próprio contrato, uso literal comum. [Descritivo/inferido] 'maxContractBalance' é nome de variável hipotético, não padronizado.","Baixo",""
"Low contract footprint","On-chain - Smart contract","Contract efficiency","minimize on-chain storage writes; low-footprint smart contract design; reduce SSTORE operations for gas savings","Busca reduzir a complexidade computacional e o volume de armazenamento das operações do contrato para diminuir custos de gás, relacionado ao padrão 'Off-chain data storage' quando se minimiza o número/tamanho de transações e escritas on-chain (artigo, Seção 4.3.1, referência [39]).","[Verificado] 'SSTORE' é opcode real e nomeado da EVM, frequentemente citado em discussões técnicas sobre custo de gás — bom termo âncora. [Descritivo/inferido] As demais são paráfrases do conceito de eficiência, não strings específicas.","Médio","Sobrepõe-se a outros padrões de eficiência (Data compression, State anchoring); útil para agregação temática, mas difícil de isolar como padrão único."
"Loop unrolling","On-chain - Smart contract","Contract efficiency","unrolled loop for gas optimization; avoid unbounded for-loop in Solidity (DoS gas limit); fixed-iteration loop replacing dynamic loop","Técnica de otimização que substitui laços de repetição por sequências fixas de instruções, evitando consumo de gás imprevisível associado a loops dinâmicos; relacionada às práticas de otimização de gás descritas no artigo (referência [33]).","[Verificado] 'unbounded loop' / 'DoS gas limit' é um problema de segurança formalmente documentado (inclusive catalogado pela SWC Registry / Consensys Smart Contract Best Practices como 'Denial of Service with Block Gas Limit'), termo estável e citado com frequência em auditorias reais.","Baixo",""
"Contract size limit","On-chain - Smart contract","Contract efficiency","EIP-170 24KB contract bytecode limit; ""exceeds contract size limit"" deployment error; split contract into libraries to bypass size limit","Trata da limitação de tamanho de bytecode de um contrato (24KB, conforme EIP-170), levando à divisão do contrato em múltiplos módulos menores; relacionado às discussões de eficiência de contrato do artigo (Seção 4.2.3).","[Verificado] EIP-170 é uma especificação real e pública (limite de 24576 bytes); a mensagem de erro 'exceeds contract size limit' é literalmente a mensagem exibida por ferramentas como Hardhat/Truffle/Remix ao ultrapassar o limite — altíssima chance de aparecer em issues reais exatamente com essas palavras.","Baixo",""
"Off-chain computation","On-chain - Smart contract","Contract efficiency","optimistic off-chain computation with on-chain fraud proof; submitComputationResult() + challenge window","Move cálculos custosos para fora da cadeia, exigindo apenas a submissão e verificação do resultado on-chain, reduzindo o custo de execução (artigo, Seção 4.2.1, referência [39], relacionado ao padrão 'Delegated Computation').","[Verificado] 'optimistic' + 'fraud proof' é terminologia real e formalmente estabelecida (popularizada por optimistic rollups como Optimism/Arbitrum), embora aqui aplicada de forma mais genérica que o contexto original de rollups. [Descritivo/inferido] 'submitComputationResult()' é nome hipotético.","Médio","Conceitualmente idêntico a 'Delegated Computation' na subcategoria 'Data management'; considerar unificar as duas buscas ou documentar a distinção adotada na metodologia."
"State anchoring","On-chain - Smart contract","Contract efficiency","Merkle root commitment stored on-chain; anchorStateRoot(bytes32 root); rollup state root commitment; batch hash anchoring","Ancora periodicamente um resumo (ex.: raiz de Merkle) de um grande conjunto de estados/transações processadas off-chain, permitindo verificação de integridade sem armazenar todos os dados on-chain; alinhado ao princípio do padrão 'Off-chain data storage' (artigo, Seção 4.3.1).","[Verificado] 'Merkle root' e 'state root' são termos técnicos reais, formais e onipresentes (usados literalmente por Ethereum, rollups, e qualquer estrutura de dados baseada em Merkle tree). [Descritivo/inferido] 'anchorStateRoot()' é nome de função hipotético.","Baixo",""
"Data refresh","On-chain - Smart contract","Contract efficiency","Incentive Execution pattern refund caller; reward address for triggering data update; keeper-triggered stale-data refresh","Trata da atualização de dados on-chain que se tornam desatualizados, já que contratos não conseguem se auto-atualizar sem uma transação externa; o artigo descreve o padrão relacionado 'Incentive Execution', que recompensa quem chama a função de atualização (Seção 4.2.3, referências [27,35]).","[Verificado] 'Incentive Execution' é o nome literal do padrão citado no artigo (Xu et al. [27]) — bom termo para localizar discussões que referenciam a taxonomia diretamente. [Descritivo/inferido] O restante é paráfrase; evitar 'update'/'refresh' isolados.","Alto","Termos como 'update' e 'refresh' isolados são extremamente comuns em qualquer código; use apenas as frases compostas acima (ex.: 'Incentive Execution', 'reward for triggering update') como filtro."
"Ownable","On-chain - Smart contract","Contract access control","OpenZeppelin Ownable; onlyOwner modifier; transferOwnership(address newOwner); renounceOwnership()","Define um único endereço proprietário do contrato, autorizado a executar funções administrativas restritas, correspondendo à variante 'Owner' do padrão de permissão embutida (Embedded Permission) descrito no artigo (Seção 4.2.3, referência [29]).","[Verificado] 'Ownable', 'onlyOwner', 'transferOwnership()' e 'renounceOwnership()' são identificadores reais e exatos do contrato Ownable.sol da OpenZeppelin — provavelmente o contrato mais copiado/herdado em todo o ecossistema Solidity. Confiança muito alta.","Baixo",""
"Role-based control","On-chain - Smart contract","Contract access control","OpenZeppelin AccessControl; hasRole(bytes32 role, address); grantRole()/revokeRole(); DEFAULT_ADMIN_ROLE","Implementa controle de acesso baseado em papéis (RBAC), atribuindo permissões a diferentes endereços conforme papéis definidos, uma forma mais granular do padrão de permissão embutida discutido no artigo (Seção 4.2.3).","[Verificado] 'AccessControl', 'hasRole()', 'grantRole()'/'revokeRole()' e 'DEFAULT_ADMIN_ROLE' são identificadores reais e exatos do contrato AccessControl.sol da OpenZeppelin — mesma família de confiança alta do padrão Ownable.","Baixo",""
"Permissioned actions","On-chain - Smart contract","Contract access control","onlyWhitelisted modifier; isAllowed(address) whitelist check before function execution","Restringe a execução de funções sensíveis a um conjunto pré-definido de endereços autorizados, correspondendo ao padrão 'Access Restriction'/'Embedded Permission' descrito no artigo (Seção 4.2.3, referências [27,28,34,35]).","[Descritivo/inferido] 'onlyWhitelisted'/'isAllowed' são nomes de modifier/função extremamente comuns na prática, mas não vêm de uma biblioteca única padronizada como Ownable/AccessControl — são convenção de mercado, não API fixa.","Baixo",""
"Implicit authorization","On-chain - Smart contract","Contract access control","require(balanceOf(msg.sender) > 0) token-gated function; NFT-gated access via ownerOf() check","Concede autorização com base na posse de um ativo (ex.: token ou NFT), verificada implicitamente por meio de funções como 'balanceOf' ou 'ownerOf', sem exigir uma lista de permissão explícita; relacionado à noção geral de controle de acesso do artigo (Seção 4.1).","[Verificado] 'balanceOf(' e 'ownerOf(' são funções reais e exatas das interfaces padrão ERC-20/ERC-721 (EIP-20/EIP-721), portanto quase certamente aparecem literalmente em código real que implementa 'token gating'. Boa precisão.","Baixo",""
"Limited-access","On-chain - Smart contract","Contract access control","onlyAuthorized custom modifier; revert(""Not authorized"") access restriction","Modificador genérico de restrição de acesso que impede que endereços não autorizados executem determinadas funções do contrato, forma geral do padrão de controle de acesso descrito na subcategoria 'Contract access control pattern' (artigo, Seção 4.1).","[Descritivo/inferido] Nomes de modifier genéricos e comuns, mas sem amarração a uma biblioteca específica — praticamente sinônimo de 'Permissioned actions' e 'Guard check' em termos de detecção textual.","Médio","Sobrepõe-se fortemente a 'Permissioned actions' e 'Guard check'; útil apenas se a metodologia distinguir claramente os três, ou considerar fundi-los."
"Immutable data","On-chain - Data management","Storage","Solidity immutable keyword variable; constant state variable declared at compile time","Usa as palavras-chave 'constant'/'immutable' do Solidity para armazenar valores que não podem ser alterados após a implantação, economizando gás por não exigirem leitura de storage; relacionado às práticas de eficiência de armazenamento do artigo (referência [33]).","[Verificado] 'immutable' e 'constant' são palavras-chave reais e nativas do Solidity (desde a versão 0.6.5 para 'immutable'), uso literal e comum — porém extremamente genéricas isoladamente (quase todo contrato declara alguma constante). Combine sempre com contexto de otimização de gás para reduzir ruído.","Baixo",""
"Mutable data","On-chain - Data management","Storage","state variable setter function pattern; mutable storage variable updated via transaction","Refere-se a dados armazenados em variáveis de estado que podem ser alteradas ao longo do tempo por meio de funções de atualização (setters), em contraste com dados imutáveis.","[Descritivo/inferido] Não existe uma string de código específica para 'variável mutável' — é o comportamento padrão de qualquer 'storage variable' sem modificador especial. Mantive a linha por completude da taxonomia, mas sem keywords realmente discriminativas para regex.","Alto","É essencialmente o comportamento padrão de qualquer variável de estado em Solidity — dificilmente isolável como um 'padrão' distinto via busca textual. Considere tratar como categoria de baixa prioridade."
"Append-only data","On-chain - Data management","Storage","append-only event log pattern; array.push() for immutable history; on-chain audit trail never overwritten","Armazena dados apenas adicionando novas entradas (nunca sobrescrevendo ou removendo), como listas ou logs de eventos, preservando um histórico completo e auditável (artigo, Seção 4.2.4, referência [33,37]).","[Verificado] '.push()' é método real e nativo de arrays dinâmicos em Solidity, uso literal comum para esse fim. [Descritivo/inferido] 'append-only' como termo de padrão é de uso geral em engenharia de software, não exclusivo de blockchain.","Baixo",""
"Data compression","On-chain - Data management","Storage","struct field packing into single storage slot; bit-packed boolean flags in uint256; tight variable packing gas optimization","Empacota e desempacota dados em formatos compactos (ex.: agrupamento de variáveis menores em slots de 32 bytes) para reduzir o custo de armazenamento on-chain; relacionado ao padrão 'Tight Variable Packing' do artigo (referência [35]).","[Verificado] 'Tight Variable Packing' é o nome literal do padrão citado no artigo (Rajasekar et al. [35]) — bom termo âncora para localizar discussões que citam a taxonomia. 'storage slot' (32 bytes) é conceito real e formalmente documentado da EVM.","Baixo",""
"Data separation","On-chain - Data management","Storage","delegatecall-based storage/logic separation; eternal storage pattern; data contract decoupled from logic contract","Separa fisicamente os dados armazenados da lógica que os manipula (ex.: via delegatecall), facilitando upgrades e reduzindo acoplamento; relacionado ao padrão 'Data Contract' descrito no artigo (Seção 4.2.3).","[Verificado] 'delegatecall' é opcode real e nativo da EVM; 'eternal storage pattern' é termo consolidado na literatura Solidity (mesmo já usado em 'Data contract'). Repetição proposital pois o artigo trata os dois como padrões próximos, porém distintos nas subcategorias.","Médio","Sobrepõe-se conceitualmente ao padrão 'Data contract' em Contract management; considere unificar ou documentar o critério de diferenciação."
"Homomorphic encryption","On-chain - Data management","Encryption","fully homomorphic encryption (FHE) smart contract; Paillier cryptosystem on-chain computation; encrypted computation without decrypting on-chain","Permite realizar operações sobre dados criptografados sem a necessidade de descriptografá-los, técnica ainda emergente mencionada no artigo como uma direção futura para a subcategoria 'Encryption pattern' (Seção 4.2.4, referência [48]).","[Verificado] 'fully homomorphic encryption (FHE)' e 'Paillier cryptosystem' são termos criptográficos formais, reais e estáveis, usados exatamente assim na literatura e em projetos reais (ex.: Zama fhEVM, que se tornou relevante após a publicação do artigo). Boa precisão terminológica.","Baixo",""
"Zero-knowledge proof","On-chain - Data management","Encryption","Verifier.sol zk-SNARK verification; Groth16 proof verification on-chain; circom circuit compiled verifier contract","Permite provar a veracidade de uma afirmação sem revelar os dados subjacentes, usada em contratos que verificam provas (ex.: Verifier.sol/Groth16) para preservar privacidade; mencionada no artigo como direção futura para a subcategoria 'Encryption pattern' (referência [49]).","[Verificado] Mesma base do padrão 'Confidential and pseudo-anonymous contract enforcement' — 'Verifier.sol', 'Groth16' e 'circom' são nomes reais de ferramentas/artefatos amplamente usados e gerados automaticamente por pipelines zk padrão.","Baixo",""
"Commit and Reveal","On-chain - Data management","Encryption","commit(bytes32 commitmentHash); reveal(uint256 value, bytes32 salt); commit-reveal scheme Solidity","Mantém um valor secreto durante uma fase de 'commit' (registrando apenas seu hash) e o revela posteriormente em uma fase de 'reveal', permitindo comprovar que o valor revelado é igual ao originalmente comprometido sem expô-lo antecipadamente (artigo, Seção 4.2.4, referências [29,35]).","[Verificado] 'commit-reveal scheme' é terminologia formal, real e extremamente estável na criptografia e em Solidity (usada em leilões, votação, VRFs caseiros) — as funções commit()/reveal() são a convenção de nomenclatura de fato quase universal para esse padrão.","Baixo",""
"Snapshotting","On-chain - Data management","Migration","exportChainState() for migration; state snapshot exported at block height; snapshot used to bootstrap new chain","Consiste em salvar uma cópia dos estados, contratos e transações da blockchain de origem para transferi-los posteriormente para a blockchain de destino durante uma migração (artigo, Seção 4.2.4, referência [47]).","[Descritivo/inferido] O padrão vem de Bandara et al. [47], um artigo específico sobre migração de dados sem trecho de código no texto extraído do SLR — keywords construídas a partir da definição, não confirmadas em repositório.","Baixo",""
"State initialization","On-chain - Data management","Migration","importState() on target chain; bootstrapState() from migration snapshot; state migration initializer contract","Transfere e configura os estados extraídos da blockchain de origem na blockchain de destino durante um processo de migração de dados (artigo, Seção 4.2.4, referência [47]).","[Descritivo/inferido] Mesma origem do padrão anterior [47] — sem termos de código confirmados, apenas nomes hipotéticos plausíveis.","Baixo",""
"Establish genesis","On-chain - Data management","Migration","genesis.json chain configuration; genesis block state allocation; chain bootstrap from genesis file","Configura o primeiro bloco (bloco gênese) da blockchain de destino com os estados migrados, formando a base da nova cadeia (artigo, Seção 4.2.4, referência [47]).","[Verificado] 'genesis.json' é um arquivo real e literal usado por clientes de blockchain (ex.: Geth, Hyperledger Besu) para configurar o bloco gênese — termo técnico estável e frequentemente citado em issues reais sobre configuração de rede.","Baixo",""
"Smart contract translation","On-chain - Data management","Migration","port Solidity contract to target blockchain VM; bytecode translation cross-chain migration; recompile contract for different EVM/VM","Adapta o código de contratos inteligentes existentes para que sejam compatíveis com a nova blockchain de destino durante uma migração, já que diferentes cadeias podem ter máquinas virtuais ou linguagens distintas (artigo, Seção 4.2.4, referência [47]).","[Descritivo/inferido] Conceito real e citado no artigo [47], mas sem strings de código específicas — 'port'/'recompile' são termos gerais de engenharia de software, não exclusivos de blockchain, então mantidos apenas como frases compostas para reduzir ruído.","Baixo",""
"Tokenization","On-chain - Data management","Tokenization","ERC-20 mint()/transfer(); ERC-721 safeTransferFrom(); ERC-1155 multi-token standard; IERC20/IERC721 interface implementation","Padrão detalhado no artigo (Seção 4.3.3): representa ativos (fungíveis ou não-fungíveis) como tokens on-chain usando padrões como ERC-20 e ERC-721, facilitando sua emissão, transferência e rastreabilidade por meio de interfaces padronizadas (referências [27,28,34,38]).","[Verificado] ERC-20, ERC-721, ERC-1155, IERC20/IERC721 e 'safeTransferFrom(' são especificações e identificadores reais, públicos, estáveis e citados literalmente em praticamente todo repositório que implementa tokens — provavelmente a lista de keywords mais confiável e de maior recall de toda a coleção.","Baixo",""
"Self-generated transactions","Architectural","","web3.eth.accounts.signTransaction() client-side; local private key signs raw transaction before broadcast","O usuário é responsável por criar e assinar as próprias transações no lado do cliente, mantendo controle total das chaves privadas; garante máxima segurança, mas exige maior conhecimento técnico do usuário (artigo, Seção 4.2.5, referência [50]).","[Verificado] 'web3.eth.accounts.signTransaction(' é função real e exata da biblioteca web3.js para assinatura local de transações — termo de alta precisão.","Baixo",""
"Self-Confirmed Transactions","Architectural","","MetaMask transaction confirmation popup; personal_sign() browser wallet approval; wallet extension user-approved transaction","A aplicação (website) gera a transação, mas cabe ao usuário confirmá-la e assiná-la manualmente por meio de uma carteira de navegador (ex.: MetaMask), representando um equilíbrio entre segurança e usabilidade (artigo, Seção 4.2.5, referência [50]).","[Verificado] 'MetaMask' é produto real e o mais citado do gênero; 'personal_sign' é o nome real e exato do método RPC JSON-RPC padrão do Ethereum (EIP-191) exposto por carteiras de navegador. Alta confiança.","Baixo",""
"Delegated Transactions","Architectural","","EIP-2771 meta-transaction; gasless transaction via relayer; ERC-2771 forwarder-signed transaction execution","A aplicação assume o controle total das operações relacionadas à blockchain, incluindo chaves e carteiras, oferecendo a experiência mais conveniente ao usuário, mas exigindo confiança total no serviço centralizado (artigo, Seção 4.2.5, referência [50]).","[Verificado] Mesma base técnica do padrão 'Relay contract' (EIP-2771) — reaproveitado aqui porque o artigo trata este como padrão arquitetural e aquele como padrão de contrato, mas tecnicamente se referem ao mesmo mecanismo subjacente.","Baixo",""
"Packing variables","Idiom","","struct field ordering for storage slot packing; uint128 pair packed into single 32-byte slot","Organiza variáveis de tipos menores (ex.: uint128, uint64) de forma sequencial dentro de uma struct para que ocupem o mesmo slot de armazenamento de 32 bytes, reduzindo o número de operações de escrita/leitura em storage (artigo, Seção 4.2.5, referências [33,35]).","[Verificado] 'storage slot' de 32 bytes é um conceito real, formal e documentado oficialmente na especificação da EVM/Solidity — a mecânica descrita (agrupar tipos menores no mesmo slot) é tecnicamente exata e frequentemente discutida em issues de otimização de gás com esses termos.","Baixo",""
"Packing booleans","Idiom","","boolean bitmap flags packed into uint256; packed bool fields in single storage slot Solidity","Empacota múltiplos valores booleanos em bits de uma única variável (bitmap), em vez de usar uma variável 'bool' completa (que ocupa um slot inteiro) para cada valor, economizando espaço de armazenamento (artigo, Seção 4.2.5, referência [33]).","[Verificado] 'bitmap' é termo técnico real e de uso geral em ciência da computação, aplicado de forma consistente também no contexto de otimização de gás em Solidity (ex.: OpenZeppelin BitMaps.sol é uma biblioteca real com esse propósito exato).","Baixo",""
"Unit vs Unit256","Idiom","","uint8 vs uint256 gas cost trade-off; smaller integer type storage packing discussion","Compara o uso de tipos inteiros menores (ex.: uint8) versus o tipo padrão uint256 para otimizar consumo de gás, considerando efeitos de empacotamento e leitura de storage (artigo, Seção 4.2.5, referência [33]).","[Verificado] 'uint8'/'uint256' são tipos primitivos reais e nativos do Solidity; a discussão sobre esse trade-off é um tópico real e recorrente em issues/PRs de otimização de gás (inclusive contraintuitivo — usar uint8 fora de structs empacotadas pode custar MAIS gás, o que gera debate real em comunidades).","Baixo",""
"Mapping vs Array","Idiom","","mapping(address => uint256) vs dynamic array storage trade-off; storage layout choice mapping vs array Solidity","Refere-se à escolha entre usar 'mapping' ou 'array' em Solidity conforme o padrão de acesso aos dados, impactando diretamente o custo de gás e a forma de armazenamento (artigo, Seção 4.2.5, referência [33]).","[Verificado] 'mapping' e 'array' são palavras-chave reais e nativas do Solidity; a sintaxe 'mapping(address => uint256)' é um idioma extremamente comum e literal em código real.","Baixo",""
"Freeing storage","Idiom","","delete storageVariable; delete mapping[key]; gas refund from clearing SSTORE slot (note: EIP-3529 reduced refunds)","Consiste em usar a palavra-chave 'delete' para remover variáveis ou contratos não utilizados do armazenamento, retornando parte do gás pago (refund) ao usuário (artigo, Seção 4.2.5, referência [33]).","[Verificado] 'delete' é palavra-chave real e nativa do Solidity. Nota importante: o EIP-3529 (London hardfork, 2021) reduziu drasticamente o refund de gás por 'delete', então issues/PRs anteriores a 2021 vs. posteriores podem discutir esse padrão de forma bem diferente — vale segmentar por data na análise.","Baixo",""
